,life_stage,case,session,plankton,x_(mm),y_(mm),z_(mm),ds_(mm),dv_(mm/s),angle_(deg)
0,naupliar,withFood,trj_naupwF5_1,1,-14.0086,19.908,19.6472,0.0,0.0,0.0
1,naupliar,withFood,trj_naupwF5_1,1,-13.9013,19.9963,19.5251,0.184982674864433,5.54948024593299,13.649609077048408
2,naupliar,withFood,trj_naupwF5_1,1,-13.8047,20.1206,19.4261,0.1859651849137331,5.578955547411994,164.81245482222613
3,naupliar,withFood,trj_naupwF5_1,1,-13.8525,20.0261,19.4659,0.1131332400313888,3.3939972009416666,156.25612378729602
4,naupliar,withFood,trj_naupwF5_1,1,-13.6923,20.1561,19.3457,0.2387720251620775,7.163160754862325,20.261392553185736
5,naupliar,withFood,trj_naupwF5_1,1,-13.6266,20.2374,19.2284,0.1571161035667585,4.713483107002755,164.4376184689043
6,naupliar,withFood,trj_naupwF5_1,1,-13.677,20.1875,19.2753,0.085028112997997,2.5508433899399106,143.96035156661858
7,naupliar,withFood,trj_naupwF5_1,1,-13.4306,20.2377,19.2141,0.2588019319866066,7.764057959598198,18.397200946394538
8,naupliar,withFood,trj_naupwF5_1,1,-13.3492,20.2414,19.1668,0.0942175142953794,2.826525428861385,143.71970070004755
9,naupliar,withFood,trj_naupwF5_1,1,-13.4372,20.23,19.1577,0.0892007286965758,2.676021860897276,157.6602086946667
10,naupliar,withFood,trj_naupwF5_1,1,-13.176,20.2504,19.0811,0.2729636605850678,8.188909817552034,24.487131384649537
11,naupliar,withFood,trj_naupwF5_1,1,-13.0826,20.2593,19.0002,0.1238853502235035,3.716560506705105,169.10774609053203
12,naupliar,withFood,trj_naupwF5_1,1,-13.1447,20.2369,19.057,0.0870885181869576,2.6126555456087304,157.0757695563892
13,naupliar,withFood,trj_naupwF5_1,1,-12.8734,20.2085,18.8928,0.3183895255814787,9.55168576744436,8.29078611125718
14,naupliar,withFood,trj_naupwF5_1,1,-12.8111,20.2038,18.8418,0.0806497365153802,2.4194920954614063,134.87606069513706
15,naupliar,withFood,trj_naupwF5_1,1,-12.818,20.2029,18.9105,0.0690515025180478,2.071545075541436,104.41190306247285
16,naupliar,withFood,trj_naupwF5_1,1,-12.5433,20.0918,18.8615,0.300340306985259,9.010209209557772,55.93700607365784
17,naupliar,withFood,trj_naupwF5_1,1,-12.5123,20.1031,18.8156,0.056528753745329,1.69586261235987,90.6902879091506
18,naupliar,withFood,trj_naupwF5_1,1,-12.4882,20.0986,18.8312,0.0290589056917139,0.8717671707514171,23.74719923868677
19,naupliar,withFood,trj_naupwF5_1,1,-12.2484,19.9827,18.8938,0.273597532883614,8.207925986508421,63.42188426798908
20,naupliar,withFood,trj_naupwF5_1,1,-12.2092,19.989,18.8588,0.0529275920480053,1.587827761440162,41.39764723929937
21,naupliar,withFood,trj_naupwF5_1,1,-12.1711,19.9899,18.8584,0.0381127275329383,1.1433818259881503,19.62941452209993
22,naupliar,withFood,trj_naupwF5_1,1,-11.9166,19.9164,18.8979,0.2678297033564408,8.034891100693226,124.2228076438688
23,naupliar,withFood,trj_naupwF5_1,1,-11.9372,19.9037,18.8721,0.0353735777099232,1.0612073312976986,133.52008315794097
24,naupliar,withFood,trj_naupwF5_1,1,-11.8006,19.8906,18.9021,0.1404676831160836,4.214030493482508,13.992297423127074
25,naupliar,withFood,trj_naupwF5_1,1,-11.5797,19.8113,18.9495,0.2394411409929365,7.183234229788096,136.72157474194444
26,naupliar,withFood,trj_naupwF5_1,1,-11.5981,19.833,18.9195,0.0413454955224873,1.240364865674621,150.35947996067176
27,naupliar,withFood,trj_naupwF5_1,1,-11.5154,19.7848,18.9571,0.1028410910093821,3.0852327302814646,11.100264701315895
28,naupliar,withFood,trj_naupwF5_1,1,-11.2773,19.682,19.0146,0.2656420523938184,7.969261571814553,148.65899058340096
29,naupliar,withFood,trj_naupwF5_1,1,-11.3142,19.7209,18.9758,0.0661835326950762,1.9855059808522884,163.39814208142
30,naupliar,withFood,trj_naupwF5_1,1,-11.2125,19.6692,19.0817,0.1556617807941316,4.669853423823948,15.51149861912888
31,naupliar,withFood,trj_naupwF5_1,1,-11.0365,19.5761,19.1848,0.2242169039122598,6.726507117367794,151.07991462750857
32,naupliar,withFood,trj_naupwF5_1,1,-11.0745,19.6214,19.1119,0.0938642637003039,2.8159279110091195,167.9307148644134
33,naupliar,withFood,trj_naupwF5_1,1,-11.0434,19.5518,19.1886,0.108140001849457,3.2442000554837103,9.324227571844052
34,naupliar,withFood,trj_naupwF5_1,1,-10.9642,19.4446,19.3432,0.2041216304069691,6.123648912209075,128.21900622244002
35,naupliar,withFood,trj_naupwF5_1,1,-10.9374,19.4653,19.2971,0.0572008741191934,1.7160262235758048,163.2701088787952
36,naupliar,withFood,trj_naupwF5_1,1,-10.9954,19.3822,19.3872,0.1356009586986744,4.0680287609602335,21.01688665139469
37,naupliar,withFood,trj_naupwF5_1,1,-11.0302,19.3317,19.5058,0.1335187252785172,4.005561758355517,65.18585388524446
38,naupliar,withFood,trj_naupwF5_1,1,-11.0096,19.3036,19.5172,0.0366596508439465,1.0997895253183971,0.100585370817153
39,naupliar,withFood,trj_naupwF5_1,1,-10.989,19.2756,19.5286,0.0365830561872565,1.0974916856176953,80.64620001228766
40,naupliar,withFood,trj_naupwF5_1,1,-11.0968,19.173,19.5498,0.1503231186477993,4.50969355943398,171.60769651013788
41,naupliar,withFood,trj_naupwF5_1,1,-11.0009,19.2551,19.5492,0.1262441285763426,3.78732385729028,158.09732892191252
42,naupliar,withFood,trj_naupwF5_1,1,-11.122,19.0243,19.5627,0.2609906128580095,7.829718385740286,21.16027889261367
43,naupliar,withFood,trj_naupwF5_1,1,-11.1419,18.9499,19.5909,0.0820159130900839,2.4604773927025168,160.71873754502067
44,naupliar,withFood,trj_naupwF5_1,1,-11.1161,19.0121,19.5882,0.0673926553861777,2.021779661585331,172.6156606571785
45,naupliar,withFood,trj_naupwF5_1,1,-11.2229,18.7611,19.564,0.2738482791620217,8.215448374860653,34.399681780519764
46,naupliar,withFood,trj_naupwF5_1,1,-11.2056,18.6761,19.5547,0.0872397845022527,2.617193535067581,133.13417287037805
47,naupliar,withFood,trj_naupwF5_1,1,-11.1332,18.777,19.5799,0.1267186253081991,3.801558759245975,165.91981977580622
48,naupliar,withFood,trj_naupwF5_1,1,-11.2729,18.5412,19.4537,0.3017352647603519,9.052057942810558,36.92590349497689
49,naupliar,withFood,trj_naupwF5_1,1,-11.2672,18.4719,19.3724,0.1069797644416931,3.2093929332507938,123.18031375320776
50,naupliar,withFood,trj_naupwF5_1,1,-11.1827,18.5121,19.4195,0.1047602023671201,3.142806071013605,168.77571960855343
51,naupliar,withFood,trj_naupwF5_1,1,-11.3852,18.4011,19.2417,0.2914448318292826,8.743344954878479,10.039265627337445
52,naupliar,withFood,trj_naupwF5_1,1,-11.4588,18.3775,19.1691,0.1060409354919138,3.181228064757414,154.1377374293742
53,naupliar,withFood,trj_naupwF5_1,1,-11.2827,18.3665,19.2484,0.1934443072307893,5.8033292169236805,165.7695164888767
54,naupliar,withFood,trj_naupwF5_1,1,-11.4784,18.3753,19.0931,0.2499880397139037,7.499641191417112,10.763960539200252
55,naupliar,withFood,trj_naupwF5_1,1,-11.5537,18.3635,19.0436,0.0908822314866863,2.7264669446005905,142.46561587838733
56,naupliar,withFood,trj_naupwF5_1,1,-11.4368,18.3427,19.0436,0.1187360518124118,3.562081554372355,146.95655210167325
57,naupliar,withFood,trj_naupwF5_1,1,-11.6098,18.4739,18.9659,0.2306073069093864,6.918219207281594,52.63729340418452
58,naupliar,withFood,trj_naupwF5_1,1,-11.6336,18.4847,18.8864,0.0836859008435737,2.5105770253072115,72.66721318789507
59,naupliar,withFood,trj_naupwF5_1,1,-11.6348,18.5846,18.8685,0.1014980787995493,3.0449423639864803,1.2074182697257331e-06
60,naupliar,withFood,trj_naupwF5_1,1,-11.636,18.6845,18.8506,0.1014980787995534,3.044942363986604,21.35231280165169
61,naupliar,withFood,trj_naupwF5_1,1,-11.6384,18.718,18.8302,0.0392959285422797,1.1788778562683928,161.65447978809175
62,naupliar,withFood,trj_naupwF5_1,1,-11.6467,18.6528,18.8492,0.0684173223679501,2.0525196710385054,169.68855860216237
63,naupliar,withFood,trj_naupwF5_1,1,-11.6516,18.8822,18.7535,0.248609854993725,7.458295649811752,7.342377649421217
64,naupliar,withFood,trj_naupwF5_1,1,-11.6432,18.9596,18.7164,0.0862422750163716,2.5872682504911504,152.2569308685517
65,naupliar,withFood,trj_naupwF5_1,1,-11.611,18.8669,18.7363,0.1001306146989991,3.0039184409699757,157.19130860758307
66,naupliar,withFood,trj_naupwF5_1,1,-11.6128,19.0814,18.6319,0.2385641423181584,7.156924269544753,35.77262533346945
67,naupliar,withFood,trj_naupwF5_1,1,-11.6593,19.1356,18.5952,0.0802918426740874,2.4087552802226235,178.07221734916575
68,naupliar,withFood,trj_naupwF5_1,1,-11.6121,19.081,18.6354,0.0826138002999514,2.4784140089985445,151.5037583089972
69,naupliar,withFood,trj_naupwF5_1,1,-11.6416,19.2936,18.5079,0.2496502753853902,7.489508261561706,34.73655909832828
70,naupliar,withFood,trj_naupwF5_1,1,-11.628,19.3179,18.4714,0.0459096939654364,1.3772908189630937,106.34717923026471
71,naupliar,withFood,trj_naupwF5_1,1,-11.5833,19.2581,18.4747,0.0747329913759671,2.2419897412790144,128.05659616903682
72,naupliar,withFood,trj_naupwF5_1,1,-11.5202,19.5053,18.4041,0.2647145821446173,7.94143746433852,21.012410836161276
73,naupliar,withFood,trj_naupwF5_1,1,-11.5202,19.5239,18.3925,0.0219207664099624,0.6576229922988733,150.91921856724193
74,naupliar,withFood,trj_naupwF5_1,1,-11.5285,19.4461,18.3972,0.0783825235623348,2.3514757068700467,151.82252189525548
75,naupliar,withFood,trj_naupwF5_1,1,-11.371,19.686,18.3376,0.2931047935466074,8.793143806398223,20.57479703557689
76,naupliar,withFood,trj_naupwF5_1,1,-11.3463,19.7056,18.3365,0.0315509112388226,0.94652733716468,165.25407425061326
77,naupliar,withFood,trj_naupwF5_1,1,-11.3861,19.6566,18.3476,0.0640956316764258,1.922868950292774,161.55264045986848
78,naupliar,withFood,trj_naupwF5_1,1,-11.1523,19.8059,18.315,0.2793128890688723,8.37938667206617,81.15944591602276
79,naupliar,withFood,trj_naupwF5_1,1,-11.1599,19.821,18.299,0.0232759532565278,0.6982785976958348,112.51584439563791
80,naupliar,withFood,trj_naupwF5_1,1,-11.1022,19.8058,18.2908,0.060229311800817,1.806879354024512,35.65169713543354
81,naupliar,withFood,trj_naupwF5_1,1,-10.8425,19.906,18.2626,0.2797845063615922,8.393535190847766,84.95625675763489
82,naupliar,withFood,trj_naupwF5_1,1,-10.8422,19.9125,18.2757,0.0146270297736782,0.4388108932103489,124.29955608693308
83,naupliar,withFood,trj_naupwF5_1,1,-10.8642,19.906,18.2629,0.0262695641379924,0.7880869241397738,126.83329097357836
84,naupliar,withFood,trj_naupwF5_1,1,-10.612,20.0281,18.1426,0.3049349766753549,9.148049300260649,59.14394930657346
85,naupliar,withFood,trj_naupwF5_1,1,-10.592,20.0388,18.159,0.027990176848314,0.83970530544942,51.08780729087691
86,naupliar,withFood,trj_naupwF5_1,1,-10.5475,20.0228,18.1665,0.0478800584794969,1.4364017543849077,66.66026930561756
87,naupliar,withFood,trj_naupwF5_1,1,-10.3683,20.1456,18.0233,0.2601897768937134,7.805693306811403,30.95608627327097
88,naupliar,withFood,trj_naupwF5_1,1,-10.3535,20.145,18.0143,0.0173320512346342,0.5199615370390276,113.26055738970696
89,naupliar,withFood,trj_naupwF5_1,1,-10.3529,20.1407,18.0229,0.0096337946833025,0.2890138404990754,130.8378926295028
90,naupliar,withFood,trj_naupwF5_1,1,-10.1789,20.2921,17.8923,0.2650553149816106,7.95165944944832,63.41117026938184
91,naupliar,withFood,trj_naupwF5_1,1,-10.1242,20.2783,17.8977,0.0566717742796187,1.7001532283885623,109.38631059230684
92,naupliar,withFood,trj_naupwF5_1,1,-10.1433,20.2554,17.9141,0.0340320437235265,1.0209613117057954,166.6181102471375
93,naupliar,withFood,trj_naupwF5_1,1,-9.9934,20.4217,17.712,0.3016125163185385,9.048375489556156,84.22667164100584
94,naupliar,withFood,trj_naupwF5_1,1,-9.9797,20.4403,17.7328,0.0310852054842818,0.932556164528456,155.23373797853867
95,naupliar,withFood,trj_naupwF5_1,1,-9.9806,20.4153,17.7054,0.0371021562715715,1.1130646881471458,84.43440233887293
96,naupliar,withFood,trj_naupwF5_1,1,-9.8161,20.5447,17.5475,0.2621774589853229,7.865323769559687,48.02554887356645
97,naupliar,withFood,trj_naupwF5_1,1,-9.822,20.5646,17.5119,0.0412089796039635,1.2362693881189075,131.0755801572694
98,naupliar,withFood,trj_naupwF5_1,1,-9.7819,20.5323,17.5283,0.0540394300488069,1.6211829014642078,83.32835325322354
99,naupliar,withFood,trj_naupwF5_1,1,-9.5943,20.6326,17.3689,0.2658236445465312,7.974709336395936,154.38173462524014
100,naupliar,withFood,trj_naupwF5_1,1,-9.6086,20.6323,17.3891,0.0247511615889017,0.7425348476670521,140.6814064176597
101,naupliar,withFood,trj_naupwF5_1,1,-9.5779,20.609,17.3695,0.0432381775749156,1.297145327247471,44.58082672447589
102,naupliar,withFood,trj_naupwF5_1,1,-9.3666,20.6644,17.2038,0.2741775701985829,8.225327105957486,93.51746366936804
103,naupliar,withFood,trj_naupwF5_1,1,-9.4003,20.6549,17.1631,0.0536882668746165,1.6106480062384958,168.07348493135825
104,naupliar,withFood,trj_naupwF5_1,1,-9.3722,20.6604,17.2146,0.0589246128540533,1.7677383856216002,96.83607224186134
105,naupliar,withFood,trj_naupwF5_1,1,-9.1825,20.7954,17.0585,0.280318212037679,8.409546361130369,121.29406571229696
106,naupliar,withFood,trj_naupwF5_1,1,-9.1734,20.7619,17.0775,0.0395734759656016,1.187204278968048,99.21009533670428
107,naupliar,withFood,trj_naupwF5_1,1,-9.1674,20.7571,17.0597,0.0193876249190053,0.5816287475701616,63.378970430919246
108,naupliar,withFood,trj_naupwF5_1,1,-8.9802,20.9302,16.9383,0.2823922980536102,8.471768941608307,135.98599150904656
109,naupliar,withFood,trj_naupwF5_1,1,-9.0013,20.9257,16.9357,0.0217306235529501,0.6519187065885038,146.11148317694247
110,naupliar,withFood,trj_naupwF5_1,1,-8.9255,20.9344,16.8975,0.0853262562169473,2.559787686508421,32.830826409215504
111,naupliar,withFood,trj_naupwF5_1,1,-8.7563,21.0864,16.8114,0.243199198189469,7.295975945684071,129.81444399815646
112,naupliar,withFood,trj_naupwF5_1,1,-8.775,21.0617,16.7947,0.035194743925765,1.0558423177729517,137.50394197172324
113,naupliar,withFood,trj_naupwF5_1,1,-8.7393,21.0785,16.7914,0.0395931812311162,1.1877954369334869,13.59836870428961
114,naupliar,withFood,trj_naupwF5_1,1,-8.5098,21.1995,16.7064,0.2730132780653729,8.190398341961187,132.0355111004886
115,naupliar,withFood,trj_naupwF5_1,1,-8.5507,21.1906,16.6847,0.0471477464997005,1.4144323949910158,118.42972015038129
116,naupliar,withFood,trj_naupwF5_1,1,-8.548,21.1833,16.7204,0.0365386097163009,1.0961582914890289,121.15272983877593
117,naupliar,withFood,trj_naupwF5_1,1,-8.3816,21.3575,16.6011,0.268825389425927,8.064761682777812,134.66658009078512
118,naupliar,withFood,trj_naupwF5_1,1,-8.3772,21.2945,16.6194,0.0657514258400553,1.9725427752016615,117.8907573623248
119,naupliar,withFood,trj_naupwF5_1,1,-8.3049,21.3368,16.6047,0.0850451056792808,2.551353170378425,14.234767836826377
120,naupliar,withFood,trj_naupwF5_1,1,-8.1291,21.5084,16.5438,0.2531027656901456,7.593082970704368,147.24828659886643
121,naupliar,withFood,trj_naupwF5_1,1,-8.1698,21.4664,16.5239,0.0617778277377912,1.8533348321337384,149.07028512593683
122,naupliar,withFood,trj_naupwF5_1,1,-8.1457,21.5016,16.5159,0.0434033408852366,1.302100226557099,11.191050812692326
123,naupliar,withFood,trj_naupwF5_1,1,-7.9752,21.6714,16.4532,0.2486635880059631,7.459907640178893,135.40273635918766
124,naupliar,withFood,trj_naupwF5_1,1,-7.9739,21.618,16.4728,0.0568982425036134,1.7069472751084045,120.57577723251694
125,naupliar,withFood,trj_naupwF5_1,1,-7.9341,21.6369,16.4436,0.0528572606176302,1.5857178185289085,38.24294747212032
126,naupliar,withFood,trj_naupwF5_1,1,-7.8323,21.8545,16.3629,0.2534274846973003,7.602824540919011,137.17356213264603
127,naupliar,withFood,trj_naupwF5_1,1,-7.8365,21.8477,16.3774,0.0165568716851969,0.4967061505559081,99.51780655252892
128,naupliar,withFood,trj_naupwF5_1,1,-7.7957,21.818,16.3655,0.0518492044297683,1.5554761328930506,85.85981513272048
129,naupliar,withFood,trj_naupwF5_1,1,-7.6253,22.0382,16.3109,0.2837346647838422,8.512039943515267,45.72518809558377
130,naupliar,withFood,trj_naupwF5_1,1,-7.604,22.042,16.3136,0.0218041280495236,0.6541238414857083,0.2585450865283483
131,naupliar,withFood,trj_naupwF5_1,1,-7.5827,22.0459,16.3163,0.0218217781127014,0.654653343381042,28.69424729174996
132,naupliar,withFood,trj_naupwF5_1,1,-7.3239,22.1712,16.2274,0.3009663436333032,9.0289903089991,146.89686708320423
133,naupliar,withFood,trj_naupwF5_1,1,-7.3623,22.1415,16.2155,0.0499825969713452,1.4994779091403574,156.01267293911735
134,naupliar,withFood,trj_naupwF5_1,1,-7.3247,22.1552,16.2137,0.0400585821017172,1.2017574630515175,26.90603078073319
135,naupliar,withFood,trj_naupwF5_1,1,-7.1718,22.2671,16.1274,0.2082011287193209,6.246033861579628,121.9068499789706
136,naupliar,withFood,trj_naupwF5_1,1,-7.1657,22.2289,16.2376,0.1167925083213806,3.5037752496414183,139.60785150763377
137,naupliar,withFood,trj_naupwF5_1,1,-7.0806,22.2893,16.1366,0.1452279931693614,4.356839795080843,29.920169533708663
138,naupliar,withFood,trj_naupwF5_1,1,-7.0606,22.395,15.9853,0.1856453069700389,5.56935920910117,153.87972397730917
139,naupliar,withFood,trj_naupwF5_1,1,-7.0325,22.3389,16.046,0.0873001145474618,2.6190034364238546,163.09780821753287
140,naupliar,withFood,trj_naupwF5_1,1,-7.0385,22.3926,15.9693,0.0938220656349034,2.814661969047102,18.326953517367464
141,naupliar,withFood,trj_naupwF5_1,1,-7.0235,22.5358,15.8547,0.1840228246712871,5.520684740138615,130.41000869501477
142,naupliar,withFood,trj_naupwF5_1,1,-6.9482,22.4839,15.9121,0.1079743488056315,3.2392304641689456,162.0314465532597
143,naupliar,withFood,trj_naupwF5_1,1,-7.0086,22.5705,15.8271,0.1355460069496712,4.066380208490137,3.517178166056943
144,naupliar,withFood,trj_naupwF5_1,1,-7.0831,22.6723,15.7372,0.154904809479887,4.647144284396612,164.9850625962919
145,naupliar,withFood,trj_naupwF5_1,1,-6.9907,22.5924,15.7952,0.1352248867627541,4.056746602882623,154.3598164684896
146,naupliar,withFood,trj_naupwF5_1,1,-7.063,22.7014,15.6504,0.1951290086071251,5.853870258213755,4.031414161458342
147,naupliar,withFood,trj_naupwF5_1,1,-7.113,22.7647,15.5526,0.1267743270540221,3.803229811620664,165.93259193185705
148,naupliar,withFood,trj_naupwF5_1,1,-7.0635,22.7212,15.605,0.0841918048268369,2.5257541448051075,154.68326524383951
149,naupliar,withFood,trj_naupwF5_1,1,-7.1052,22.8221,15.4363,0.2009462365907862,6.028387097723587,26.61937369943391
150,naupliar,withFood,trj_naupwF5_1,1,-7.169,22.8831,15.3727,0.1087952204832539,3.263856614497619,165.31594384392804
151,naupliar,withFood,trj_naupwF5_1,1,-7.0819,22.8377,15.4297,0.1135630661791046,3.40689198537314,158.92774715294902
152,naupliar,withFood,trj_naupwF5_1,1,-7.1711,22.9509,15.3251,0.1780787466263161,5.342362398789484,98.66284611350729
153,naupliar,withFood,trj_naupwF5_1,1,-7.161,22.9488,15.3175,0.0128132743668439,0.384398231005317,0.5309944224366618
154,naupliar,withFood,trj_naupwF5_1,1,-7.1509,22.9466,15.3098,0.0128895306353648,0.386685919060945,116.5373372238126
155,naupliar,withFood,trj_naupwF5_1,1,-7.2629,23.0743,15.259,0.1772905242814745,5.318715728444237,24.85598561000533
156,naupliar,withFood,trj_naupwF5_1,1,-7.2918,23.1339,15.2082,0.0834746069173136,2.50423820751941,156.39484504279088
157,naupliar,withFood,trj_naupwF5_1,1,-7.2584,23.078,15.2248,0.0672006696395219,2.016020089185658,156.18390279868598
158,naupliar,withFood,trj_naupwF5_1,1,-7.356,23.2083,15.0998,0.2052531363950389,6.157594091851168,15.568714373378471
159,naupliar,withFood,trj_naupwF5_1,1,-7.4342,23.2726,15.048,0.1137232166270366,3.4116964988110987,175.97952768348637
160,naupliar,withFood,trj_naupwF5_1,1,-7.3266,23.1836,15.1075,0.1517860665542141,4.553581996626423,161.82337837401636
161,naupliar,withFood,trj_naupwF5_1,1,-7.4371,23.3519,14.9753,0.2408567624128509,7.2257028723855266,26.670327926982413
162,naupliar,withFood,trj_naupwF5_1,1,-7.439,23.4069,14.9431,0.0637608814242718,1.912826442728156,150.85816351319744
163,naupliar,withFood,trj_naupwF5_1,1,-7.4587,23.3732,14.9609,0.0429024474826323,1.28707342447897,147.93332600630538
164,naupliar,withFood,trj_naupwF5_1,1,-7.4536,23.5215,14.7995,0.2192461174114603,6.57738352234381,28.14316465158918
165,naupliar,withFood,trj_naupwF5_1,1,-7.4722,23.5571,14.7757,0.0466878999313515,1.400636997940547,161.4391890512775
166,naupliar,withFood,trj_naupwF5_1,1,-7.442,23.4794,14.795,0.0855676340680282,2.5670290220408463,149.27316730139194
167,naupliar,withFood,trj_naupwF5_1,1,-7.4608,23.6587,14.6399,0.2378191329561189,7.134573988683569,3.830569042139965
168,naupliar,withFood,trj_naupwF5_1,1,-7.4617,23.712,14.5931,0.070936168489707,2.1280850546912125,169.07979297048115
169,naupliar,withFood,trj_naupwF5_1,1,-7.4713,23.6062,14.6583,0.1246468611718714,3.739405835156144,162.3127038426136
170,naupliar,withFood,trj_naupwF5_1,1,-7.3753,23.8182,14.4625,0.3041342466740633,9.124027400221898,125.76628412999062
171,naupliar,withFood,trj_naupwF5_1,1,-7.3625,23.8064,14.476,0.0220302065355739,0.6609061960672183,0.2268474123426773
172,naupliar,withFood,trj_naupwF5_1,1,-7.3498,23.7947,14.4895,0.0219187134658945,0.6575614039768354,119.63115830382168
173,naupliar,withFood,trj_naupwF5_1,1,-7.2651,24.0131,14.3969,0.2518876932285516,7.556630796856548,66.17337426196106
174,naupliar,withFood,trj_naupwF5_1,1,-7.2842,24.0253,14.3668,0.0376783757611716,1.1303512728351506,121.56965192978006
175,naupliar,withFood,trj_naupwF5_1,1,-7.2716,23.9429,14.3808,0.0845252624958952,2.535757874876858,151.940831425051
176,naupliar,withFood,trj_naupwF5_1,1,-7.2013,24.1505,14.3703,0.2194313104367738,6.582939313103214,29.780871205335615
177,naupliar,withFood,trj_naupwF5_1,1,-7.1571,24.1896,14.3683,0.0590461683769558,1.7713850513086762,120.47170305148236
178,naupliar,withFood,trj_naupwF5_1,1,-7.1438,24.1144,14.3928,0.0802008728132045,2.4060261843961364,165.25186725155112
179,naupliar,withFood,trj_naupwF5_1,1,-7.118,24.3835,14.3022,0.2851119253907154,8.553357761721463,62.90024524929635
180,naupliar,withFood,trj_naupwF5_1,1,-7.0733,24.4049,14.3071,0.0498002008028086,1.4940060240842583,124.74051924801716
181,naupliar,withFood,trj_naupwF5_1,1,-7.0902,24.3329,14.329,0.0771311869479553,2.3139356084386598,175.0529814500522
182,naupliar,withFood,trj_naupwF5_1,1,-7.012,24.5684,14.2554,0.2588289976026663,7.764869928079991,93.2759156528968
183,naupliar,withFood,trj_naupwF5_1,1,-7.037,24.5774,14.2632,0.0276918760650125,0.8307562819503778,135.5753026732283
184,naupliar,withFood,trj_naupwF5_1,1,-7.0027,24.5137,14.2632,0.0723476329951443,2.17042898985433,142.14814552614453
185,naupliar,withFood,trj_naupwF5_1,1,-6.9794,24.6716,14.235,0.162081892881347,4.862456786440411,0.0348070018080981
186,naupliar,withFood,trj_naupwF5_1,1,-6.9561,24.8295,14.2067,0.1620993214051167,4.862979642153501,162.01952359988567
187,naupliar,withFood,trj_naupwF5_1,1,-6.9381,24.7216,14.2196,0.1101490807950759,3.3044724238522774,166.79377745143032
188,naupliar,withFood,trj_naupwF5_1,1,-6.9413,24.9872,14.1396,0.2774051189145605,8.322153567436814,94.35708029238708
189,naupliar,withFood,trj_naupwF5_1,1,-6.9207,24.9862,14.1409,0.0206651881191534,0.6199556435746042,110.09959757528058
190,naupliar,withFood,trj_naupwF5_1,1,-6.9635,24.8953,14.173,0.1054753999755402,3.1642619992662087,172.66863725745935
191,naupliar,withFood,trj_naupwF5_1,1,-6.835,25.097,14.0849,0.2548661413369792,7.645984240109376,7.525647511840864
192,naupliar,withFood,trj_naupwF5_1,1,-6.6929,25.2714,14.0197,0.2342195764661856,7.02658729398557,56.24994512733995
193,naupliar,withFood,trj_naupwF5_1,1,-6.6661,25.2836,14.0397,0.0355960671984977,1.0678820159549325,41.10959174108123
194,naupliar,withFood,trj_naupwF5_1,1,-6.5491,25.3667,14.0256,0.1441992371685795,4.325977115057388,0.0685977275992062
195,naupliar,withFood,trj_naupwF5_1,1,-6.432,25.4497,14.0116,0.1442130715295937,4.326392145887812,39.88090214687271
196,naupliar,withFood,trj_naupwF5_1,1,-6.4248,25.4566,14.0182,0.0119586788567982,0.3587603657039463,88.50163268741935
197,naupliar,withFood,trj_naupwF5_1,1,-6.3988,25.4386,14.0102,0.0326190128606013,0.9785703858180396,72.87592031840566
198,naupliar,withFood,trj_naupwF5_1,1,-6.226,25.6017,13.8789,0.2714795388238306,8.144386164714918,112.83900221344012
199,naupliar,withFood,trj_naupwF5_1,1,-6.2031,25.5778,13.9247,0.056508937346229,1.6952681203868705,68.90818265839019
200,naupliar,withFood,trj_naupwF5_1,1,-6.1471,25.5814,13.9235,0.0561284241717153,1.683852725151459,48.75786495446902
201,naupliar,withFood,trj_naupwF5_1,1,-5.9876,25.7081,13.7637,0.2588999420625681,7.766998261877044,170.5845498573733
202,naupliar,withFood,trj_naupwF5_1,1,-6.0213,25.6815,13.8106,0.0635834884227046,1.9075046526811392,162.1608502968936
203,naupliar,withFood,trj_naupwF5_1,1,-5.9212,25.7242,13.7377,0.1309874421461849,3.929623264385548,24.57441780663106
204,naupliar,withFood,trj_naupwF5_1,1,-5.7578,25.8185,13.7042,0.1916097596679255,5.748292790037765,162.18958455034658
205,naupliar,withFood,trj_naupwF5_1,1,-5.7963,25.7762,13.7188,0.0590313476044725,1.770940428134176,166.4792190141994
206,naupliar,withFood,trj_naupwF5_1,1,-5.6443,25.8794,13.6821,0.1873529556745768,5.620588670237306,15.28859978936979
207,naupliar,withFood,trj_naupwF5_1,1,-5.5005,25.9423,13.6161,0.1702669962147689,5.108009886443068,148.85857297280205
208,naupliar,withFood,trj_naupwF5_1,1,-5.54,25.8798,13.651,0.081758852731677,2.4527655819503105,166.8632315917369
209,naupliar,withFood,trj_naupwF5_1,1,-5.4312,26.0155,13.6089,0.1789534576363364,5.3686037290900925,0.0208634010229508
210,naupliar,withFood,trj_naupwF5_1,1,-5.3224,26.1513,13.5668,0.1790292992780784,5.370878978342354,140.54606892601237
211,naupliar,withFood,trj_naupwF5_1,1,-5.3194,26.0503,13.5873,0.1031031037360167,3.093093112080502,147.85471376353777
212,naupliar,withFood,trj_naupwF5_1,1,-5.2113,26.2418,13.4887,0.2409975518547871,7.229926555643614,26.25347732067732
213,naupliar,withFood,trj_naupwF5_1,1,-5.1288,26.2984,13.4622,0.1034990821215333,3.104972463646,25.22231411918516
214,naupliar,withFood,trj_naupwF5_1,1,-5.0936,26.3606,13.4444,0.0736526985249016,2.209580955747048,0.0948002175760207
215,naupliar,withFood,trj_naupwF5_1,1,-5.0585,26.4228,13.4267,0.0735808398973511,2.2074251969205347,28.123750303693317
216,naupliar,withFood,trj_naupwF5_1,1,-4.98,26.4741,13.417,0.0942763491019891,2.828290473059676,25.809673832284822
217,naupliar,withFood,trj_naupwF5_1,1,-4.9425,26.5368,13.4093,0.0734631199990851,2.2038935999725533,0.099229154468418
218,naupliar,withFood,trj_naupwF5_1,1,-4.9049,26.5995,13.4015,0.0735247577350647,2.2057427320519416,22.69625051235704
219,naupliar,withFood,trj_naupwF5_1,1,-4.8517,26.6443,13.3771,0.0737064447657064,2.2111933429711934,27.9400615972035
220,naupliar,withFood,trj_naupwF5_1,1,-4.7933,26.7224,13.3864,0.0979625438624367,2.938876315873101,0.0582176176729291
221,naupliar,withFood,trj_naupwF5_1,1,-4.7349,26.8005,13.3958,0.0979720878617983,2.9391626358539504,71.7977020912109
222,naupliar,withFood,trj_naupwF5_1,1,-4.6978,26.7876,13.4019,0.0397495911928655,1.1924877357859665,47.223284565943366
223,naupliar,withFood,trj_naupwF5_1,1,-4.6858,26.7609,13.402,0.0292728543193191,0.8781856295795744,139.9374700446694
224,naupliar,withFood,trj_naupwF5_1,1,-4.6286,27.0071,13.4727,0.2624590825252595,7.873772475757787,110.49366305656775
225,naupliar,withFood,trj_naupwF5_1,1,-4.5995,26.9923,13.4453,0.042621708084027,1.2786512425208114,73.0931760593459
226,naupliar,withFood,trj_naupwF5_1,1,-4.5774,26.9724,13.4637,0.0349711309511142,1.049133928533429,118.20747670072228
227,naupliar,withFood,trj_naupwF5_1,1,-4.5809,27.2378,13.5125,0.2698719140629491,8.096157421888474,113.6862731814133
228,naupliar,withFood,trj_naupwF5_1,1,-4.5046,27.2086,13.4859,0.0859179259526197,2.5775377785785936,91.46991305931104
229,naupliar,withFood,trj_naupwF5_1,1,-4.4973,27.1981,13.5215,0.0378272388630192,1.1348171658905786,96.16005796855336
230,naupliar,withFood,trj_naupwF5_1,1,-4.5405,27.4606,13.5768,0.2717178315826911,8.151534947480732,142.72718905763725
231,naupliar,withFood,trj_naupwF5_1,1,-4.4767,27.397,13.5763,0.090086902488653,2.7026070746595905,24.735974197057303
232,naupliar,withFood,trj_naupwF5_1,1,-4.4631,27.3838,13.5849,0.0208124962462443,0.6243748873873319,126.16428788023715
233,naupliar,withFood,trj_naupwF5_1,1,-4.5237,27.6535,13.6781,0.2917133695941966,8.751401087825899,152.5878690354885
234,naupliar,withFood,trj_naupwF5_1,1,-4.4655,27.5882,13.6463,0.093072928394889,2.7921878518466703,144.86417128483473
235,naupliar,withFood,trj_naupwF5_1,1,-4.4721,27.6471,13.6911,0.0742954238160048,2.2288627144801447,6.640467024610185
236,naupliar,withFood,trj_naupwF5_1,1,-4.4678,27.8189,13.8117,0.2099478268522926,6.298434805568781,142.01581888450562
237,naupliar,withFood,trj_naupwF5_1,1,-4.4563,27.8058,13.7785,0.037497999946664,1.12493999839992,155.77542736456937
238,naupliar,withFood,trj_naupwF5_1,1,-4.4466,27.8317,13.9027,0.1272420527970215,3.817261583910646,23.91757168239904
239,naupliar,withFood,trj_naupwF5_1,1,-4.3974,27.9202,14.0407,0.1711633430381632,5.134900291144896,162.1848228348204
240,naupliar,withFood,trj_naupwF5_1,1,-4.4078,27.8883,13.944,0.1023555567617103,3.070666702851311,169.56557839964424
241,naupliar,withFood,trj_naupwF5_1,1,-4.3484,27.9354,14.2026,0.2694823370835272,8.084470112505818,19.95114106115323
242,naupliar,withFood,trj_naupwF5_1,1,-4.3071,27.9887,14.2972,0.1161711668186213,3.48513500455864,161.84160085983595
243,naupliar,withFood,trj_naupwF5_1,1,-4.3164,27.9509,14.1956,0.1088020679950521,3.264062039851563,165.3533336535419
244,naupliar,withFood,trj_naupwF5_1,1,-4.3161,27.9787,14.4372,0.2431943461513856,7.295830384541569,2.048068931890966
245,naupliar,withFood,trj_naupwF5_1,1,-4.3154,27.9858,14.5264,0.0894848590544792,2.684545771634376,132.66584238483492
246,naupliar,withFood,trj_naupwF5_1,1,-4.2542,27.9708,14.4693,0.0850344048018217,2.5510321440546515,132.48066428589587
247,naupliar,withFood,trj_naupwF5_1,1,-4.2473,28.0224,14.7772,0.3122700433919336,9.368101301758008,43.3171195810128
248,naupliar,withFood,trj_naupwF5_1,1,-4.2719,28.032,14.8038,0.0374817288822162,1.1244518664664882,159.76167442574956
249,naupliar,withFood,trj_naupwF5_1,1,-4.2348,28.0076,14.7115,0.1024258756369711,3.072776269109133,163.81994601843252
250,naupliar,withFood,trj_naupwF5_1,1,-4.3085,28.0065,15.0143,0.3116420061544991,9.349260184634971,118.83150985354604
251,naupliar,withFood,trj_naupwF5_1,1,-4.2835,28.0021,15.0073,0.0263317299089903,0.7899518972697104,11.313707817718816
252,naupliar,withFood,trj_naupwF5_1,1,-4.2222,27.997,14.9778,0.068219865142054,2.04659595426162,111.4180222087617
253,naupliar,withFood,trj_naupwF5_1,1,-4.1999,28.0161,15.2627,0.2864089907806671,8.592269723420014,40.55241372144208
254,naupliar,withFood,trj_naupwF5_1,1,-4.1987,28.0045,15.2782,0.0193971647412712,0.5819149422381367,45.89751690768313
255,naupliar,withFood,trj_naupwF5_1,1,-4.1846,28.0011,15.292,0.0200202397588038,0.6006071927641146,32.08281991305746
256,naupliar,withFood,trj_naupwF5_1,1,-4.0854,28.0476,15.5742,0.3027205477003494,9.08161643101048,136.35864669390395
257,naupliar,withFood,trj_naupwF5_1,1,-4.0623,28.0264,15.5229,0.060122707856516,1.8036812356954808,83.10461521250657
258,naupliar,withFood,trj_naupwF5_1,1,-4.0423,27.9973,15.5385,0.0386027201114117,1.1580816033423529,48.11575141266816
259,naupliar,withFood,trj_naupwF5_1,1,-3.9369,27.9724,15.7511,0.2385957459805166,7.157872379415499,127.22060221354772
260,naupliar,withFood,trj_naupwF5_1,1,-3.9721,27.98,15.7446,0.036593032123616,1.097790963708482,166.82764959474267
261,naupliar,withFood,trj_naupwF5_1,1,-3.9148,27.9606,15.7433,0.0605090075939116,1.8152702278173485,53.5750881200696
262,naupliar,withFood,trj_naupwF5_1,1,-3.7529,27.9058,15.9648,0.2797800922152975,8.393402766458925,134.13177846946988
263,naupliar,withFood,trj_naupwF5_1,1,-3.7576,27.8944,15.9446,0.0236662206530742,0.7099866195922275,112.30526244547508
264,naupliar,withFood,trj_naupwF5_1,1,-3.6833,27.8658,15.9827,0.0882613165548761,2.6478394966462844,17.410402768758367
265,naupliar,withFood,trj_naupwF5_1,1,-3.5214,27.8487,16.1073,0.2050101948684499,6.150305846053498,168.6858629665754
266,naupliar,withFood,trj_naupwF5_1,1,-3.5684,27.8483,16.0828,0.0530038677833986,1.590116033501959,162.3120276598119
267,naupliar,withFood,trj_naupwF5_1,1,-3.4805,27.8771,16.1169,0.0985832642997793,2.957497928993381,36.96647573290674
268,naupliar,withFood,trj_naupwF5_1,1,-3.2131,27.8312,16.0951,0.2721852494166431,8.165557482499294,120.94131891493598
269,naupliar,withFood,trj_naupwF5_1,1,-3.2377,27.8179,16.1352,0.0488882398946835,1.4666471968405062,141.18476058328628
270,naupliar,withFood,trj_naupwF5_1,1,-3.1257,27.8575,16.0991,0.1241586485106857,3.724759455320573,4.493448183891653
271,naupliar,withFood,trj_naupwF5_1,1,-2.906,27.9319,16.0478,0.2375608132668342,7.126824398005028,139.56799371509678
272,naupliar,withFood,trj_naupwF5_1,1,-2.9425,27.8687,16.0773,0.0787193749975183,2.3615812499255493,162.24583573154118
273,naupliar,withFood,trj_naupwF5_1,1,-2.8672,27.9429,16.0547,0.1081040702286467,3.2431221068594027,26.08484141138305
274,naupliar,withFood,trj_naupwF5_1,1,-2.7143,28.0763,16.1045,0.2089354206447523,6.268062619342569,140.8035090420523
275,naupliar,withFood,trj_naupwF5_1,1,-2.727,27.9937,16.0874,0.0853021687883724,2.559065063651173,161.7393291296082
276,naupliar,withFood,trj_naupwF5_1,1,-2.6833,28.0997,16.0861,0.1146620250998541,3.439860752995625,38.51804080939836
277,naupliar,withFood,trj_naupwF5_1,1,-2.6008,28.1518,16.1135,0.1013480142874063,3.040440428622189,0.0925108321619197
278,naupliar,withFood,trj_naupwF5_1,1,-2.5184,28.204,16.1408,0.1012911151088776,3.0387334532663286,30.57723106893172
279,naupliar,withFood,trj_naupwF5_1,1,-2.451,28.2924,16.1264,0.1120922834096976,3.3627685022909297,28.1130373993504
280,naupliar,withFood,trj_naupwF5_1,1,-2.4021,28.4896,16.1561,0.2053317802971556,6.159953408914671,120.5576639682795
281,naupliar,withFood,trj_naupwF5_1,1,-2.315,28.401,16.1635,0.124463368104836,3.7339010431450816,156.8274590939664
282,naupliar,withFood,trj_naupwF5_1,1,-2.4062,28.5648,16.2103,0.1932307428956395,5.796922286869187,33.00897061131152
283,naupliar,withFood,trj_naupwF5_1,1,-2.4021,28.6606,16.2647,0.1102443195815528,3.3073295874465845,137.4540674022471
284,naupliar,withFood,trj_naupwF5_1,1,-2.3444,28.6037,16.2273,0.0892505462168159,2.6775163865044784,171.7977239793889
285,naupliar,withFood,trj_naupwF5_1,1,-2.4741,28.7274,16.3434,0.2135485659048071,6.406456977144215,39.473758285718766
286,naupliar,withFood,trj_naupwF5_1,1,-2.4724,28.8201,16.4031,0.1102736142510984,3.3082084275329526,140.00704784453038
287,naupliar,withFood,trj_naupwF5_1,1,-2.4056,28.7608,16.3294,0.1158033678266734,3.4741010348002037,153.8112158925834
288,naupliar,withFood,trj_naupwF5_1,1,-2.549,28.9236,16.3838,0.2236666269249846,6.709998807749541,91.92049622800116
289,naupliar,withFood,trj_naupwF5_1,1,-2.5488,28.9168,16.402,0.0194298739059221,0.582896217177664,80.9502905063159
290,naupliar,withFood,trj_naupwF5_1,1,-2.4777,28.8856,16.4026,0.0776466998654797,2.3294009959643915,139.24277536066506
291,naupliar,withFood,trj_naupwF5_1,1,-2.5857,29.0704,16.32,0.2294292919398035,6.882878758194107,169.84753308285516
292,naupliar,withFood,trj_naupwF5_1,1,-2.5719,29.0513,16.3252,0.0241306858584649,0.7239205757539483,50.6211272375058
293,naupliar,withFood,trj_naupwF5_1,1,-2.5592,29.0493,16.3384,0.0184263398427369,0.5527901952821078,156.81444192929845
294,naupliar,withFood,trj_naupwF5_1,1,-2.6575,29.1414,16.157,0.2259452588570966,6.778357765712899,115.37984886981438
295,naupliar,withFood,trj_naupwF5_1,1,-2.6334,29.1379,16.1552,0.0244192546978818,0.7325776409364565,100.5881841597286
296,naupliar,withFood,trj_naupwF5_1,1,-2.6487,29.2338,16.0761,0.1252505888209717,3.7575176646291513,1.2074182697257331e-06
297,naupliar,withFood,trj_naupwF5_1,1,-2.664,29.3297,15.997,0.1252505888209717,3.7575176646291526,124.55691421529306
298,naupliar,withFood,trj_naupwF5_1,1,-2.6174,29.2856,15.9923,0.0643308635104491,1.9299259053134747,50.519343832035695
299,naupliar,withFood,trj_naupwF5_1,1,-2.5773,29.2897,15.9976,0.0406559958677683,1.2196798760330492,107.24096285692252
300,naupliar,withFood,trj_naupwF5_1,1,-2.677,29.5332,15.9589,0.2659511797304168,7.978535391912505,129.90759484176442
301,naupliar,withFood,trj_naupwF5_1,1,-2.6577,29.516,15.9406,0.031673648353167,0.9502094505950116,59.54191137391636
302,naupliar,withFood,trj_naupwF5_1,1,-2.5881,29.5154,15.9526,0.0706294556116642,2.1188836683499286,90.3892602672758
303,naupliar,withFood,trj_naupwF5_1,1,-2.5984,29.7535,16.0144,0.2462050771206788,7.386152313620366,130.8989539367388
304,naupliar,withFood,trj_naupwF5_1,1,-2.596,29.7274,15.9616,0.0589475190317602,1.7684255709528076,168.04352843542097
305,naupliar,withFood,trj_naupwF5_1,1,-2.578,29.7771,16.0564,0.1085409139449268,3.256227418347806,50.57794282453051
306,naupliar,withFood,trj_naupwF5_1,1,-2.5348,29.988,16.0969,0.2190554724265056,6.571664172795169,135.50294640997458
307,naupliar,withFood,trj_naupwF5_1,1,-2.4837,29.912,16.073,0.0946489302633694,2.8394679079010827,133.01275864338058
308,naupliar,withFood,trj_naupwF5_1,1,-2.4497,30.0612,16.1874,0.1910601999370881,5.731805998112644,40.48929456978293
309,naupliar,withFood,trj_naupwF5_1,1,-2.3322,30.1928,16.2062,0.1774211092288617,5.322633276865852,175.47747355807746
310,naupliar,withFood,trj_naupwF5_1,1,-2.4006,30.1054,16.1892,0.1122778695914728,3.3683360877441846,157.8718184480914
311,naupliar,withFood,trj_naupwF5_1,1,-2.2996,30.2598,16.2973,0.2138363159054133,6.415089477162401,17.023342996197652
312,naupliar,withFood,trj_naupwF5_1,1,-2.2132,30.4171,16.3415,0.1848293537293275,5.544880611879826,147.78544783885584
313,naupliar,withFood,trj_naupwF5_1,1,-2.2057,30.3162,16.3033,0.1081494336554776,3.2444830096643296,144.77081864090633
314,naupliar,withFood,trj_naupwF5_1,1,-2.0869,30.4936,16.4091,0.2382810105736513,7.148430317209541,21.020112921763506
315,naupliar,withFood,trj_naupwF5_1,1,-2.0285,30.5819,16.419,0.1063271367055468,3.1898141011664065,133.55676419784496
316,naupliar,withFood,trj_naupwF5_1,1,-2.0192,30.5385,16.422,0.0444865148106723,1.3345954443201689,110.44006821401528
317,naupliar,withFood,trj_naupwF5_1,1,-1.8879,30.6342,16.4891,0.175785636500825,5.273569095024751,0.0277928338366102
318,naupliar,withFood,trj_naupwF5_1,1,-1.7567,30.7299,16.5561,0.1756727924295625,5.270183772886877,159.1224030338537
319,naupliar,withFood,trj_naupwF5_1,1,-1.8056,30.7112,16.5492,0.0528063443158111,1.5841903294743354,171.7465863913173
320,naupliar,withFood,trj_naupwF5_1,1,-1.5242,30.8672,16.6036,0.3263147560255279,9.789442680765838,97.87005043996152
321,naupliar,withFood,trj_naupwF5_1,1,-1.5256,30.869,16.6038,0.0022891046284514,0.0686731388535424,83.01089965213039
322,naupliar,withFood,trj_naupwF5_1,1,-1.5084,30.8883,16.5908,0.0289366549552639,0.8680996486579183,51.68040457296164
323,naupliar,withFood,trj_naupwF5_1,1,-1.2161,30.9608,16.659,0.308782739154894,9.26348217464682,145.8674044174842
324,naupliar,withFood,trj_naupwF5_1,1,-1.2555,30.9255,16.6656,0.053310505531274,1.5993151659382212,145.57960311672835
325,naupliar,withFood,trj_naupwF5_1,1,-1.1959,30.9576,16.6967,0.0744968455708019,2.2349053671240577,15.71776116830218
326,naupliar,withFood,trj_naupwF5_1,1,-0.9859,31.025,16.8665,0.2783429539255474,8.350288617766422,131.0906122382266
327,naupliar,withFood,trj_naupwF5_1,1,-0.9871,30.9794,16.7916,0.0876972633552493,2.63091790065748,132.1360022175882
328,naupliar,withFood,trj_naupwF5_1,1,-0.8473,31.0598,16.888,0.187886029283714,5.636580878511421,0.0321777632999168
329,naupliar,withFood,trj_naupwF5_1,1,-0.7075,31.1403,16.9845,0.1879801585274358,5.639404755823076,148.90527928082278
330,naupliar,withFood,trj_naupwF5_1,1,-0.7136,31.1266,16.9702,0.0207217277271964,0.6216518318158949,139.90943518203795
331,naupliar,withFood,trj_naupwF5_1,1,-0.5202,31.1991,17.075,0.231609261472853,6.948277844185593,14.40031265284384
332,naupliar,withFood,trj_naupwF5_1,1,-0.3979,31.2103,17.1531,0.1455415404618208,4.366246213854627,168.43318698472126
333,naupliar,withFood,trj_naupwF5_1,1,-0.433,31.1993,17.1239,0.0469643481802947,1.4089304454088416,153.51134130249116
334,naupliar,withFood,trj_naupwF5_1,1,-0.1812,31.3382,17.1955,0.2963494727513445,8.890484182540336,41.59831698943324
335,naupliar,withFood,trj_naupwF5_1,1,-0.1365,31.363,17.2701,0.0904338985115647,2.713016955346941,136.9751266764448
336,naupliar,withFood,trj_naupwF5_1,1,-0.1569,31.3066,17.2426,0.0659800727492778,1.979402182478334,136.10768963180155
337,naupliar,withFood,trj_naupwF5_1,1,0.1039,31.43,17.3073,0.2956861342707843,8.87058402812353,46.56710840877968
338,naupliar,withFood,trj_naupwF5_1,1,0.1584,31.4118,17.353,0.073416483162843,2.202494494885291,142.60242670598663
339,naupliar,withFood,trj_naupwF5_1,1,0.1435,31.4041,17.3169,0.0398059040846967,1.1941771225409037,123.7164335353469
340,naupliar,withFood,trj_naupwF5_1,1,0.297,31.4571,17.3429,0.1644604815753622,4.933814447260868,0.0
341,naupliar,withFood,trj_naupwF5_1,1,0.4505,31.5101,17.3689,0.1644604815753623,4.933814447260869,126.61485693970776
342,naupliar,withFood,trj_naupwF5_1,1,0.4323,31.4817,17.388,0.0387635137726204,1.1629054131786147,151.46125387619648
343,naupliar,withFood,trj_naupwF5_1,1,0.6865,31.6773,17.3438,0.3237756013043595,9.713268039130783,91.89725504104211
344,naupliar,withFood,trj_naupwF5_1,1,0.7202,31.6375,17.3764,0.0615019511885588,1.845058535656766,64.07429861926097
345,naupliar,withFood,trj_naupwF5_1,1,0.7421,31.6477,17.3885,0.0270196224992139,0.8105886749764187,53.29869394947796
346,naupliar,withFood,trj_naupwF5_1,1,0.9705,31.8305,17.2519,0.3228652350439739,9.685957051319216,109.63332362110827
347,naupliar,withFood,trj_naupwF5_1,1,0.9925,31.8039,17.3003,0.0594484650769066,1.7834539523071995,128.5615430664496
348,naupliar,withFood,trj_naupwF5_1,1,1.0298,31.8411,17.2457,0.0758702181359736,2.27610654407921,12.762210148625051
349,naupliar,withFood,trj_naupwF5_1,1,1.1557,31.9221,17.1327,0.1875654818989885,5.626964456969656,124.54127918929102
350,naupliar,withFood,trj_naupwF5_1,1,1.1703,31.8865,17.1832,0.0634883453871642,1.904650361614928,100.56149455556316
351,naupliar,withFood,trj_naupwF5_1,1,1.2592,31.9431,17.173,0.1058811125744341,3.176433377233025,35.510258991560306
352,naupliar,withFood,trj_naupwF5_1,1,1.4295,32.067,16.9906,0.2786091527570458,8.358274582711374,144.64071605203037
353,naupliar,withFood,trj_naupwF5_1,1,1.4253,32.029,17.0246,0.0511628771669427,1.5348863150082837,140.71872104817422
354,naupliar,withFood,trj_naupwF5_1,1,1.4979,32.1113,16.9923,0.1143999125873764,3.431997377621294,18.094273929508084
355,naupliar,withFood,trj_naupwF5_1,1,1.6017,32.2659,16.8706,0.2224555910738158,6.673667732214474,146.69686973595816
356,naupliar,withFood,trj_naupwF5_1,1,1.6015,32.1971,16.8941,0.0727030260718253,2.1810907821547616,153.2867762976755
357,naupliar,withFood,trj_naupwF5_1,1,1.6222,32.2928,16.9028,0.0982988809702334,2.948966429107002,24.32454754468744
358,naupliar,withFood,trj_naupwF5_1,1,1.6833,32.4744,16.839,0.2019460571538874,6.058381714616624,101.80349624975294
359,naupliar,withFood,trj_naupwF5_1,1,1.7534,32.4295,16.8324,0.0835079636920963,2.5052389107628907,107.39893146989462
360,naupliar,withFood,trj_naupwF5_1,1,1.7567,32.444,16.8466,0.0205616147225873,0.6168484416776203,60.821168939310894
361,naupliar,withFood,trj_naupwF5_1,1,1.7526,32.6617,16.785,0.2262844669879046,6.78853400963714,162.17061288886882
362,naupliar,withFood,trj_naupwF5_1,1,1.7677,32.6173,16.8039,0.0505626344250398,1.5168790327511956,165.83944006599543
363,naupliar,withFood,trj_naupwF5_1,1,1.7477,32.7201,16.7856,0.1063142981917315,3.189428945751946,14.750763591357314
364,naupliar,withFood,trj_naupwF5_1,1,1.7356,32.8969,16.795,0.1774627003062899,5.323881009188699,153.75485543914283
365,naupliar,withFood,trj_naupwF5_1,1,1.786,32.8068,16.7755,0.1050638853269759,3.1519165598092798,140.5698515619645
366,naupliar,withFood,trj_naupwF5_1,1,1.8118,32.9442,16.8262,0.1487107595300346,4.461322785901038,3.754385060847981
367,naupliar,withFood,trj_naupwF5_1,1,1.8421,33.0606,16.8687,0.1275668452224156,3.827005356672468,142.8645329352051
368,naupliar,withFood,trj_naupwF5_1,1,1.8687,33.0041,16.8412,0.0682353280932975,2.047059842798927,159.2917817716026
369,naupliar,withFood,trj_naupwF5_1,1,1.8609,33.1418,16.8914,0.1467725110502667,4.403175331508002,10.721228578583144
370,naupliar,withFood,trj_naupwF5_1,1,1.8429,33.2487,16.9128,0.1104969230340788,3.3149076910223645,148.29779992959342
371,naupliar,withFood,trj_naupwF5_1,1,1.9126,33.1598,16.9186,0.1131147205274382,3.3934416158231464,148.6983679168212
372,naupliar,withFood,trj_naupwF5_1,1,1.8529,33.4151,16.9956,0.2732602788551649,8.197808365654948,70.5358410196555
373,naupliar,withFood,trj_naupwF5_1,1,1.8744,33.4612,16.9446,0.0720309655634257,2.1609289669027736,93.02429113536202
374,naupliar,withFood,trj_naupwF5_1,1,1.9473,33.4081,16.9341,0.090797962532207,2.7239388759662098,122.95859995848708
375,naupliar,withFood,trj_naupwF5_1,1,1.9606,33.6708,17.0498,0.2873580867141228,8.620742601423684,58.63223970378044
376,naupliar,withFood,trj_naupwF5_1,1,1.9803,33.6909,17.0403,0.0297043767818822,0.8911313034564685,112.77079023022895
377,naupliar,withFood,trj_naupwF5_1,1,2.0024,33.6462,17.0542,0.0517659154270451,1.5529774628113555,129.41817422179523
378,naupliar,withFood,trj_naupwF5_1,1,1.9615,33.826,17.1755,0.2207137059631766,6.621411178895298,87.3655013932855
379,naupliar,withFood,trj_naupwF5_1,1,1.9933,33.8351,17.1755,0.0330764266510144,0.9922927995304344,39.53026027054396
380,naupliar,withFood,trj_naupwF5_1,1,2.0865,33.8018,17.1426,0.1042954457299054,3.128863371897164,139.27430663402453
381,naupliar,withFood,trj_naupwF5_1,1,2.0358,33.888,17.2286,0.1318974222644226,3.956922667932678,0.0614328136875652
382,naupliar,withFood,trj_naupwF5_1,1,1.9851,33.9743,17.3145,0.131897649713708,3.95692949141124,106.67923980704488
383,naupliar,withFood,trj_naupwF5_1,1,2.0662,33.9919,17.308,0.0832419365464307,2.4972580963929216,84.97656215254493
384,naupliar,withFood,trj_naupwF5_1,1,2.0695,34.1673,17.5176,0.2733280263712439,8.199840791137317,148.88281567810657
385,naupliar,withFood,trj_naupwF5_1,1,2.0815,34.1555,17.5005,0.0239927072253205,0.7197812167596168,81.71602075259757
386,naupliar,withFood,trj_naupwF5_1,1,2.1878,34.1561,17.5509,0.1176444218822124,3.529332656466374,56.69629564909931
387,naupliar,withFood,trj_naupwF5_1,1,2.2722,34.3429,17.6837,0.2442405371759571,7.327216115278715,151.21400260465333
388,naupliar,withFood,trj_naupwF5_1,1,2.2761,34.3046,17.6682,0.0415012048017892,1.2450361440536777,105.78930677823249
389,naupliar,withFood,trj_naupwF5_1,1,2.3403,34.3168,17.7112,0.0782271052768811,2.3468131583064347,31.74722457784109
390,naupliar,withFood,trj_naupwF5_1,1,2.4466,34.4387,17.8835,0.2363188312428765,7.089564937286295,53.62022413578588
391,naupliar,withFood,trj_naupwF5_1,1,2.4871,34.4378,17.893,0.0416090134466073,1.2482704033982217,0.1339895700520752
392,naupliar,withFood,trj_naupwF5_1,1,2.5276,34.4369,17.9026,0.0416319588777659,1.2489587663329798,69.06658686326492
393,naupliar,withFood,trj_naupwF5_1,1,2.5647,34.5396,18.0847,0.2123301909762256,6.369905729286768,52.835544778558734
394,naupliar,withFood,trj_naupwF5_1,1,2.6042,34.5518,18.1011,0.0444752740295088,1.3342582208852645,1.2074182697257331e-06
395,naupliar,withFood,trj_naupwF5_1,1,2.6437,34.564,18.1175,0.0444752740295101,1.3342582208853038,51.76376076536637
396,naupliar,withFood,trj_naupwF5_1,1,2.6894,34.7142,18.3009,0.2414209808612313,7.24262942583694,165.71483564659718
397,naupliar,withFood,trj_naupwF5_1,1,2.6908,34.6589,18.2496,0.0754436213340747,2.263308640022242,147.77683871301122
398,naupliar,withFood,trj_naupwF5_1,1,2.7536,34.7484,18.3106,0.1252001996803476,3.7560059904104297,29.491293861897944
399,naupliar,withFood,trj_naupwF5_1,1,2.9008,34.8763,18.3202,0.1952393659075979,5.857180977227937,159.17469766226597
400,naupliar,withFood,trj_naupwF5_1,1,2.8716,34.8455,18.3334,0.0444468221586198,1.3334046647585958,108.6684801097997
401,naupliar,withFood,trj_naupwF5_1,1,2.9302,34.8568,18.3961,0.0865617698525159,2.5968530955754776,17.570975957734557
402,naupliar,withFood,trj_naupwF5_1,1,3.1093,34.9306,18.5136,0.2265601465395,6.796804396185,158.95715799151398
403,naupliar,withFood,trj_naupwF5_1,1,3.0256,34.9308,18.4376,0.1130563134017739,3.3916894020532187,155.06081136639904
404,naupliar,withFood,trj_naupwF5_1,1,3.2082,34.9454,18.4958,0.1922060352850557,5.766181058551672,5.337894631177138
405,naupliar,withFood,trj_naupwF5_1,1,3.3937,34.9481,18.5694,0.1995858211396798,5.987574634190396,152.66991981384712
406,naupliar,withFood,trj_naupwF5_1,1,3.3423,34.9309,18.569,0.0542029519491314,1.6260885584739446,174.48014468300184
407,naupliar,withFood,trj_naupwF5_1,1,3.6108,35.042,18.5517,0.2910923393014664,8.732770179043992,13.431071033664848
408,naupliar,withFood,trj_naupwF5_1,1,3.7542,35.0716,18.5634,0.1468897886171798,4.406693658515397,151.66524674737852
409,naupliar,withFood,trj_naupwF5_1,1,3.6716,35.003,18.5628,0.1073735535408951,3.221206606226855,161.76425513263445
410,naupliar,withFood,trj_naupwF5_1,1,3.898,35.1015,18.5274,0.2494240766245315,7.482722298735946,6.610389831183942
411,naupliar,withFood,trj_naupwF5_1,1,4.0577,35.1835,18.5191,0.179713605494965,5.3914081648489525,138.48440375792032
412,naupliar,withFood,trj_naupwF5_1,1,3.995,35.1377,18.5925,0.1068479761156001,3.205439283468003,146.71127428254596
413,naupliar,withFood,trj_naupwF5_1,1,4.1773,35.1588,18.5223,0.1964854702007243,5.894564106021731,3.8209679457210632
414,naupliar,withFood,trj_naupwF5_1,1,4.3665,35.1705,18.4399,0.2066961296202715,6.200883888608146,146.1645730310929
415,naupliar,withFood,trj_naupwF5_1,1,4.3375,35.1724,18.4845,0.0532331663533171,1.5969949905995144,162.04270584992597
416,naupliar,withFood,trj_naupwF5_1,1,4.4511,35.1804,18.39,0.1479838166827708,4.439514500483125,14.694955755112613
417,naupliar,withFood,trj_naupwF5_1,1,4.6431,35.1956,18.3002,0.2125066587192029,6.375199761576087,158.17658950560704
418,naupliar,withFood,trj_naupwF5_1,1,4.5834,35.1754,18.36,0.086880204880051,2.606406146401533,159.78345820277443
419,naupliar,withFood,trj_naupwF5_1,1,4.7213,35.3056,18.2214,0.2349008514245932,7.047025542737796,12.25067479923482
420,naupliar,withFood,trj_naupwF5_1,1,4.849,35.3808,18.1349,0.1715942306722475,5.147826920167427,95.17240822052696
421,naupliar,withFood,trj_naupwF5_1,1,4.9134,35.3061,18.1848,0.1105326196197307,3.3159785885919235,134.0782985441852
422,naupliar,withFood,trj_naupwF5_1,1,4.9533,35.49,18.0642,0.2235074495402789,6.705223486208367,20.57299445280588
423,naupliar,withFood,trj_naupwF5_1,1,5.0215,35.5808,17.984,0.1390248898578953,4.17074669573686,111.48160487755132
424,naupliar,withFood,trj_naupwF5_1,1,5.0889,35.489,18.0118,0.1172298596774777,3.516895790324334,147.58696697307823
425,naupliar,withFood,trj_naupwF5_1,1,5.0772,35.7156,17.9595,0.2328513259571489,6.985539778714467,4.089252341613949
426,naupliar,withFood,trj_naupwF5_1,1,5.0771,35.7837,17.94,0.0708369253991168,2.1251077619735064,127.0749245834676
427,naupliar,withFood,trj_naupwF5_1,1,5.1701,35.7024,17.9275,0.1241569168431667,3.724707505295003,155.76297275037143
428,naupliar,withFood,trj_naupwF5_1,1,5.0676,35.92,17.9806,0.2463242172422395,7.389726517267185,21.30263145013728
429,naupliar,withFood,trj_naupwF5_1,1,5.0584,36.0191,17.9881,0.0998083162867704,2.994249488603112,136.81619459890177
430,naupliar,withFood,trj_naupwF5_1,1,5.1718,35.9109,17.928,0.167865452073977,5.035963562219312,164.076701425385
431,naupliar,withFood,trj_naupwF5_1,1,5.035,36.142,18.0709,0.3042069361470947,9.12620808441284,57.371121498169046
432,naupliar,withFood,trj_naupwF5_1,1,5.0686,36.1949,18.0943,0.0668949175946819,2.0068475278404594,104.02620663236416
433,naupliar,withFood,trj_naupwF5_1,1,5.1357,36.1468,18.0371,0.1004383392933196,3.013150178799589,147.24485984234994
434,naupliar,withFood,trj_naupwF5_1,1,5.0901,36.3202,18.2585,0.2848945067915517,8.546835203746554,107.2406135400487
435,naupliar,withFood,trj_naupwF5_1,1,5.1276,36.3429,18.2281,0.053345102868024,1.600353086040722,0.1832606542794462
436,naupliar,withFood,trj_naupwF5_1,1,5.165,36.3657,18.1976,0.0533746194365808,1.6012385830974256,113.76015115760728
437,naupliar,withFood,trj_naupwF5_1,1,5.1179,36.5009,18.4385,0.2802325106050353,8.40697531815106,85.52093972989371
438,naupliar,withFood,trj_naupwF5_1,1,5.1159,36.5246,18.4272,0.02633210967621,0.7899632902863011,77.92579550802948
439,naupliar,withFood,trj_naupwF5_1,1,5.1775,36.5177,18.3557,0.0946277971845488,2.838833915536465,143.2211831300709
440,naupliar,withFood,trj_naupwF5_1,1,5.1595,36.521,18.6076,0.2525638533123878,7.5769155993716355,145.85645202687525
441,naupliar,withFood,trj_naupwF5_1,1,5.1826,36.5275,18.5767,0.0391237779361882,1.1737133380856468,104.85951999226474
442,naupliar,withFood,trj_naupwF5_1,1,5.2123,36.5502,18.623,0.0595068903573351,1.785206710720054,38.78495223181151
443,naupliar,withFood,trj_naupwF5_1,1,5.1868,36.6005,18.8197,0.2046246075133681,6.1387382254010445,173.81333600125052
444,naupliar,withFood,trj_naupwF5_1,1,5.188,36.5831,18.7512,0.0706855713706825,2.1205671411204765,156.564325487957
445,naupliar,withFood,trj_naupwF5_1,1,5.2347,36.6068,18.8622,0.122733776932025,3.682013307960752,27.06115675720536
446,naupliar,withFood,trj_naupwF5_1,1,5.2193,36.6675,19.0602,0.207667161583141,6.230014847494232,135.72769351621363
447,naupliar,withFood,trj_naupwF5_1,1,5.2686,36.6479,19.0201,0.0665030826353173,1.9950924790595208,95.205277676427
448,naupliar,withFood,trj_naupwF5_1,1,5.3418,36.7009,19.1026,0.1223662126569243,3.67098637970773,16.727450757126423
449,naupliar,withFood,trj_naupwF5_1,1,5.4198,36.8271,19.2692,0.2230829442158274,6.692488326474823,155.61990786255808
450,naupliar,withFood,trj_naupwF5_1,1,5.4252,36.7753,19.2065,0.0815088338770736,2.44526501631221,157.0812583626013
451,naupliar,withFood,trj_naupwF5_1,1,5.4437,36.8129,19.2459,0.0575184318284134,1.725552954852404,19.09622511162932
452,naupliar,withFood,trj_naupwF5_1,1,5.6151,37.002,19.3878,0.2920143489625146,8.76043046887544,153.18295046281827
453,naupliar,withFood,trj_naupwF5_1,1,5.576,36.9277,19.379,0.0844200213219596,2.532600639658789,152.66925864415413
454,naupliar,withFood,trj_naupwF5_1,1,5.7066,37.0333,19.3541,0.169787308124015,5.093619243720452,19.08731020434284
455,naupliar,withFood,trj_naupwF5_1,1,5.8524,37.1771,19.3895,0.2078202107592089,6.2346063227762665,127.23821092522049
456,naupliar,withFood,trj_naupwF5_1,1,5.8252,37.1493,19.4257,0.0531330405679948,1.5939912170398456,137.48147145231945
457,naupliar,withFood,trj_naupwF5_1,1,5.9108,37.1636,19.4043,0.089385737117284,2.681572113518522,21.937072626393704
458,naupliar,withFood,trj_naupwF5_1,1,6.109,37.2406,19.4219,0.2133588526403339,6.400765579210019,138.99833031824147
459,naupliar,withFood,trj_naupwF5_1,1,6.0804,37.1993,19.3926,0.0581561690622751,1.7446850718682532,131.9183097163313
460,naupliar,withFood,trj_naupwF5_1,1,6.2918,37.2851,19.3694,0.2293247479013114,6.879742437039344,2.1879943705592164
461,naupliar,withFood,trj_naupwF5_1,1,6.4621,37.3601,19.3551,0.1866322051522738,5.598966154568215,125.0547364804309
462,naupliar,withFood,trj_naupwF5_1,1,6.4321,37.3188,19.424,0.0857490524728984,2.5724715741869533,169.48342936180376
463,naupliar,withFood,trj_naupwF5_1,1,6.5206,37.4027,19.3001,0.1738466853293432,5.215400559880298,35.79697047733517
464,naupliar,withFood,trj_naupwF5_1,1,6.6913,37.4153,19.2109,0.1930126679780379,5.790380039341138,140.3515398169443
465,naupliar,withFood,trj_naupwF5_1,1,6.6623,37.3912,19.2729,0.0725659010830868,2.176977032492605,160.92245918442364
466,naupliar,withFood,trj_naupwF5_1,1,6.8585,37.4725,19.0757,0.2898136815265962,8.694410445797887,0.0
